Scenarios,Camps Name,Mu,delta_D,alpha,delta_R,lambda_C,lambda_S,omega,Supply,Optimal Allocated Aid
Scenario 1,Camp 1,1.0,20.0,0.25,1.0,428.4,2882.1,813.6743929155606,30287,2001.0
Scenario 1,Camp 2,1.0,20.0,0.25,1.0,642.6,2860.68,1220.0376164499855,30287,2389.0
Scenario 1,Camp 3,1.0,20.0,0.25,1.0,1071.0,2817.84,2032.7639162612365,30287,3163.0
Scenario 1,Camp 4,1.0,20.0,0.25,1.0,4282.8,4500.96,8125.933994354047,30287,9733.0
Scenario 1,Camp 5,1.0,20.0,0.25,1.0,2483.6,742.52,4712.635690812483,30287,4369.0
Scenario 1,Camp 6,1.0,20.0,0.25,1.0,1698.4,2074.0,3223.017049266283,30287,3987.0
Scenario 1,Camp 7,1.0,20.0,0.25,1.0,2174.4,1628.42,4126.046182437925,30287,4645.0
Scenario 10,Camp 1,2.0,30.0,0.25,1.0,428.4,2882.1,312.44960398688715,15143,775.0
Scenario 10,Camp 2,2.0,30.0,0.25,1.0,642.6,2860.68,468.31105459143845,15143,995.0
Scenario 10,Camp 3,2.0,30.0,0.25,1.0,1071.0,2817.84,780.0337304198586,15143,1431.0
Scenario 10,Camp 4,2.0,30.0,0.25,1.0,4282.8,4500.96,3117.0796669005454,15143,4919.0
Scenario 10,Camp 5,2.0,30.0,0.25,1.0,2483.6,742.52,1807.9032314468886,15143,2619.0
Scenario 10,Camp 6,2.0,30.0,0.25,1.0,1698.4,2074.0,1236.557418820447,15143,1987.0
Scenario 10,Camp 7,2.0,30.0,0.25,1.0,2174.4,1628.42,1582.9158114106647,15143,2417.0
Scenario 100,Camp 1,1.0,50.0,0.75,3.0,428.4,2882.1,1677.865906939423,30287,1016.0
Scenario 100,Camp 2,1.0,50.0,0.75,3.0,642.6,2860.68,2515.8214878681842,30287,1524.0
Scenario 100,Camp 3,1.0,50.0,0.75,3.0,1071.0,2817.84,4191.732346067994,30287,2538.0
Scenario 100,Camp 4,1.0,50.0,0.75,3.0,4282.8,4500.96,16756.368063043665,30287,10148.0
Scenario 100,Camp 5,1.0,50.0,0.75,3.0,2483.6,742.52,9717.85621654773,30287,5885.0
Scenario 100,Camp 6,1.0,50.0,0.75,3.0,1698.4,2074.0,6646.135692031777,30287,4024.0
Scenario 100,Camp 7,1.0,50.0,0.75,3.0,2174.4,1628.42,8508.258684611925,30287,5152.0
Scenario 101,Camp 1,1.33,20.0,0.75,3.0,428.4,2882.1,694.9444386091844,22772,858.0
Scenario 101,Camp 2,1.33,20.0,0.75,3.0,642.6,2860.68,1041.878580158912,22772,1228.0
Scenario 101,Camp 3,1.33,20.0,0.75,3.0,1071.0,2817.84,1735.7466410462248,22772,1964.0
Scenario 101,Camp 4,1.33,20.0,0.75,3.0,4282.8,4500.96,6937.812544366801,22772,7574.0
Scenario 101,Camp 5,1.33,20.0,0.75,3.0,2483.6,742.52,4023.696845271063,22772,4314.0
Scenario 101,Camp 6,1.33,20.0,0.75,3.0,1698.4,2074.0,2751.9295625112095,22772,3016.0
Scenario 101,Camp 7,1.33,20.0,0.75,3.0,2174.4,1628.42,3522.8939405028727,22772,3818.0
Scenario 102,Camp 1,1.33,30.0,0.75,3.0,428.4,2882.1,825.749511774538,22772,764.0
Scenario 102,Camp 2,1.33,30.0,0.75,3.0,642.6,2860.68,1237.9849108748595,22772,1146.0
Scenario 102,Camp 3,1.33,30.0,0.75,3.0,1071.0,2817.84,2062.4554450377495,22772,1908.0
Scenario 102,Camp 4,1.33,30.0,0.75,3.0,4282.8,4500.96,8243.673886734861,22772,7630.0
Scenario 102,Camp 5,1.33,30.0,0.75,3.0,2483.6,742.52,4781.05229845553,22772,4424.0
Scenario 102,Camp 6,1.33,30.0,0.75,3.0,1698.4,2074.0,3269.908163060328,22772,3026.0
Scenario 102,Camp 7,1.33,30.0,0.75,3.0,2174.4,1628.42,4185.98637500526,22772,3874.0
Scenario 103,Camp 1,1.33,40.0,0.75,3.0,428.4,2882.1,918.5571881514094,22772,764.0
Scenario 103,Camp 2,1.33,40.0,0.75,3.0,642.6,2860.68,1377.1245668233266,22772,1146.0
Scenario 103,Camp 3,1.33,40.0,0.75,3.0,1071.0,2817.84,2294.259030453665,22772,1908.0
Scenario 103,Camp 4,1.33,40.0,0.75,3.0,4282.8,4500.96,9170.197254084367,22772,7630.0
Scenario 103,Camp 5,1.33,40.0,0.75,3.0,2483.6,742.52,5318.404544056507,22772,4424.0
Scenario 103,Camp 6,1.33,40.0,0.75,3.0,1698.4,2074.0,3637.4198288283524,22772,3026.0
Scenario 103,Camp 7,1.33,40.0,0.75,3.0,2174.4,1628.42,4656.457944494428,22772,3874.0
Scenario 104,Camp 1,1.33,50.0,0.75,3.0,428.4,2882.1,990.5444146040628,22772,764.0
Scenario 104,Camp 2,1.33,50.0,0.75,3.0,642.6,2860.68,1485.0496686288357,22772,1146.0
Scenario 104,Camp 3,1.33,50.0,0.75,3.0,1071.0,2817.84,2474.059859946591,22772,1908.0
Scenario 104,Camp 4,1.33,50.0,0.75,3.0,4282.8,4500.96,9888.86461073942,22772,7630.0
Scenario 104,Camp 5,1.33,50.0,0.75,3.0,2483.6,742.52,5735.207326962505,22772,4424.0
Scenario 104,Camp 6,1.33,50.0,0.75,3.0,1698.4,2074.0,3922.484023305133,22772,3026.0
Scenario 104,Camp 7,1.33,50.0,0.75,3.0,2174.4,1628.42,5021.38404473232,22772,3874.0
Scenario 105,Camp 1,2.0,20.0,0.75,3.0,428.4,2882.1,297.63686125746614,15143,691.0
Scenario 105,Camp 2,2.0,20.0,0.75,3.0,642.6,2860.68,446.10916641334387,15143,927.0
Scenario 105,Camp 3,2.0,20.0,0.75,3.0,1071.0,2817.84,743.0535620293593,15143,1391.0
Scenario 105,Camp 4,2.0,20.0,0.75,3.0,4282.8,4500.96,2969.3038381469114,15143,4977.0
Scenario 105,Camp 5,2.0,20.0,0.75,3.0,2483.6,742.52,1722.193391826687,15143,2693.0
Scenario 105,Camp 6,2.0,20.0,0.75,3.0,1698.4,2074.0,1177.9341826843795,15143,2001.0
Scenario 105,Camp 7,2.0,20.0,0.75,3.0,2174.4,1628.42,1507.8722703801473,15143,2463.0
Scenario 106,Camp 1,2.0,30.0,0.75,3.0,428.4,2882.1,384.69006259144777,15143,499.0
Scenario 106,Camp 2,2.0,30.0,0.75,3.0,642.6,2860.68,576.5877332032339,15143,761.0
Scenario 106,Camp 3,2.0,30.0,0.75,3.0,1071.0,2817.84,960.3827969365877,15143,1277.0
Scenario 106,Camp 4,2.0,30.0,0.75,3.0,4282.8,4500.96,3837.7695374285836,15143,5091.0
Scenario 106,Camp 5,2.0,30.0,0.75,3.0,2483.6,742.52,2225.9026684308815,15143,2917.0
Scenario 106,Camp 6,2.0,30.0,0.75,3.0,1698.4,2074.0,1522.4578452783724,15143,2021.0
Scenario 106,Camp 7,2.0,30.0,0.75,3.0,2174.4,1628.42,1948.8966374049764,15143,2577.0
Scenario 107,Camp 1,2.0,40.0,0.75,3.0,428.4,2882.1,446.45529188619923,15143,446.45529188619923
Scenario 107,Camp 2,2.0,40.0,0.75,3.0,642.6,2860.68,669.1637496200158,15143,669.1637496200158
Scenario 107,Camp 3,2.0,40.0,0.75,3.0,1071.0,2817.84,1114.580343044039,15143,1177.380958493785
Scenario 107,Camp 4,2.0,40.0,0.75,3.0,4282.8,4500.96,4453.955757220367,15143,5131.0
Scenario 107,Camp 5,2.0,40.0,0.75,3.0,2483.6,742.52,2583.2900877400307,15143,3061.0
Scenario 107,Camp 6,2.0,40.0,0.75,3.0,1698.4,2074.0,1766.9012740265691,15143,2019.0
Scenario 107,Camp 7,2.0,40.0,0.75,3.0,2174.4,1628.42,2261.808405570221,15143,2639.0
Scenario 108,Camp 1,2.0,50.0,0.75,3.0,428.4,2882.1,494.3641257426343,15143,494.3641257426343
Scenario 108,Camp 2,2.0,50.0,0.75,3.0,642.6,2860.68,740.9712866476343,15143,740.9712866476343
Scenario 108,Camp 3,2.0,50.0,0.75,3.0,1071.0,2817.84,1234.1852518557291,15143,1234.1852518557291
Scenario 108,Camp 4,2.0,50.0,0.75,3.0,4282.8,4500.96,4931.906921098551,15143,4991.0
Scenario 108,Camp 5,2.0,50.0,0.75,3.0,2483.6,742.52,2860.5013065692156,15143,3110.9730080602894
Scenario 108,Camp 6,2.0,50.0,0.75,3.0,1698.4,2074.0,1956.5063276937112,15143,1956.5063276937112
Scenario 108,Camp 7,2.0,50.0,0.75,3.0,2174.4,1628.42,2504.521629238702,15143,2615.0
Scenario 11,Camp 1,2.0,40.0,0.25,1.0,428.4,2882.1,374.21483328163856,15143,643.0
Scenario 11,Camp 2,2.0,40.0,0.25,1.0,642.6,2860.68,560.8870710082203,15143,881.0
Scenario 11,Camp 3,2.0,40.0,0.25,1.0,1071.0,2817.84,934.2312765273098,15143,1353.0
Scenario 11,Camp 4,2.0,40.0,0.25,1.0,4282.8,4500.96,3733.2658866923284,15143,4997.0
Scenario 11,Camp 5,2.0,40.0,0.25,1.0,2483.6,742.52,2165.290650756038,15143,2773.0
Scenario 11,Camp 6,2.0,40.0,0.25,1.0,1698.4,2074.0,1481.0008475686438,15143,2001.0
Scenario 11,Camp 7,2.0,40.0,0.25,1.0,2174.4,1628.42,1895.8275795759089,15143,2495.0
Scenario 12,Camp 1,2.0,50.0,0.25,1.0,428.4,2882.1,422.12366713807376,15143,539.0
Scenario 12,Camp 2,2.0,50.0,0.25,1.0,642.6,2860.68,632.694608035839,15143,791.0
Scenario 12,Camp 3,2.0,50.0,0.25,1.0,1071.0,2817.84,1053.836185339,15143,1293.0
Scenario 12,Camp 4,2.0,50.0,0.25,1.0,4282.8,4500.96,4211.217050570513,15143,5059.0
Scenario 12,Camp 5,2.0,50.0,0.25,1.0,2483.6,742.52,2442.5018695852227,15143,2893.0
Scenario 12,Camp 6,2.0,50.0,0.25,1.0,1698.4,2074.0,1670.6059012357864,15143,2011.0
Scenario 12,Camp 7,2.0,50.0,0.25,1.0,2174.4,1628.42,2138.5408032443906,15143,2557.0
Scenario 13,Camp 1,1.0,20.0,0.5,1.0,428.4,2882.1,1284.8689900698207,30287,1016.0
Scenario 13,Camp 2,1.0,20.0,0.5,1.0,642.6,2860.68,1926.555036933504,30287,1524.0
Scenario 13,Camp 3,1.0,20.0,0.5,1.0,1071.0,2817.84,3209.926898127164,30287,2538.0
Scenario 13,Camp 4,1.0,20.0,0.5,1.0,4282.8,4500.96,12831.619989033135,30287,10148.0
Scenario 13,Camp 5,1.0,20.0,0.5,1.0,2483.6,742.52,7441.698440237874,30287,5885.0
Scenario 13,Camp 6,1.0,20.0,0.5,1.0,1698.4,2074.0,5089.449412596093,30287,4024.0
Scenario 13,Camp 7,1.0,20.0,0.5,1.0,2174.4,1628.42,6515.4180069675795,30287,5152.0
Scenario 14,Camp 1,1.0,30.0,0.5,1.0,428.4,2882.1,1458.7728961573414,30287,1016.0
Scenario 14,Camp 2,1.0,30.0,0.5,1.0,642.6,2860.68,2187.3095954174146,30287,1524.0
Scenario 14,Camp 3,1.0,30.0,0.5,1.0,1071.0,2817.84,3644.38272993098,30287,2538.0
Scenario 14,Camp 4,1.0,30.0,0.5,1.0,4282.8,4500.96,14568.34867870469,30287,10148.0
Scenario 14,Camp 5,1.0,30.0,0.5,1.0,2483.6,742.52,8448.91430168726,30287,5885.0
Scenario 14,Camp 6,1.0,30.0,0.5,1.0,1698.4,2074.0,5778.294064872433,30287,4024.0
Scenario 14,Camp 7,1.0,30.0,0.5,1.0,2174.4,1628.42,7397.2640550561555,30287,5152.0
Scenario 15,Camp 1,1.0,40.0,0.5,1.0,428.4,2882.1,1582.1596811365603,30287,1016.0
Scenario 15,Camp 2,1.0,40.0,0.5,1.0,642.6,2860.68,2372.3178989331122,30287,1524.0
Scenario 15,Camp 3,1.0,40.0,0.5,1.0,1071.0,2817.84,3952.6340481892757,30287,2538.0
Scenario 15,Camp 4,1.0,40.0,0.5,1.0,4282.8,4500.96,15800.577294040671,30287,10148.0
Scenario 15,Camp 5,1.0,40.0,0.5,1.0,2483.6,742.52,9163.54532821388,30287,5885.0
Scenario 15,Camp 6,1.0,40.0,0.5,1.0,1698.4,2074.0,6267.037123649563,30287,4024.0
Scenario 15,Camp 7,1.0,40.0,0.5,1.0,2174.4,1628.42,8022.9437834086575,30287,5152.0
Scenario 16,Camp 1,1.0,50.0,0.5,1.0,428.4,2882.1,1677.865906939423,30287,1016.0
Scenario 16,Camp 2,1.0,50.0,0.5,1.0,642.6,2860.68,2515.8214878681842,30287,1524.0
Scenario 16,Camp 3,1.0,50.0,0.5,1.0,1071.0,2817.84,4191.732346067994,30287,2538.0
Scenario 16,Camp 4,1.0,50.0,0.5,1.0,4282.8,4500.96,16756.368063043665,30287,10148.0
Scenario 16,Camp 5,1.0,50.0,0.5,1.0,2483.6,742.52,9717.85621654773,30287,5885.0
Scenario 16,Camp 6,1.0,50.0,0.5,1.0,1698.4,2074.0,6646.135692031777,30287,4024.0
Scenario 16,Camp 7,1.0,50.0,0.5,1.0,2174.4,1628.42,8508.258684611925,30287,5152.0
Scenario 17,Camp 1,1.33,20.0,0.5,1.0,428.4,2882.1,802.9363295543967,22772,956.0
Scenario 17,Camp 2,1.33,20.0,0.5,1.0,642.6,2860.68,1203.7828012098105,22772,1136.0
Scenario 17,Camp 3,1.33,20.0,0.5,1.0,1071.0,2817.84,2005.47548777752,22772,1892.0
Scenario 17,Camp 4,1.33,20.0,0.5,1.0,4282.8,4500.96,8015.923907037809,22772,7562.0
Scenario 17,Camp 5,1.33,20.0,0.5,1.0,2483.6,742.52,4648.965005961348,22772,4386.0
Scenario 17,Camp 6,1.33,20.0,0.5,1.0,1698.4,2074.0,3179.569616438952,22772,3000.0
Scenario 17,Camp 7,1.33,20.0,0.5,1.0,2174.4,1628.42,4070.3391132360066,22772,3840.0
Scenario 18,Camp 1,1.33,30.0,0.5,1.0,428.4,2882.1,933.7414027197503,22772,764.0
Scenario 18,Camp 2,1.33,30.0,0.5,1.0,642.6,2860.68,1399.889131925758,22772,1146.0
Scenario 18,Camp 3,1.33,30.0,0.5,1.0,1071.0,2817.84,2332.1842917690446,22772,1908.0
Scenario 18,Camp 4,1.33,30.0,0.5,1.0,4282.8,4500.96,9321.785249405868,22772,7630.0
Scenario 18,Camp 5,1.33,30.0,0.5,1.0,2483.6,742.52,5406.320459145815,22772,4424.0
Scenario 18,Camp 6,1.33,30.0,0.5,1.0,1698.4,2074.0,3697.5482169880706,22772,3026.0
Scenario 18,Camp 7,1.33,30.0,0.5,1.0,2174.4,1628.42,4733.431547738393,22772,3874.0
Scenario 19,Camp 1,1.33,40.0,0.5,1.0,428.4,2882.1,1026.5490790966219,22772,764.0
Scenario 19,Camp 2,1.33,40.0,0.5,1.0,642.6,2860.68,1539.0287878742251,22772,1146.0
Scenario 19,Camp 3,1.33,40.0,0.5,1.0,1071.0,2817.84,2563.9878771849603,22772,1908.0
Scenario 19,Camp 4,1.33,40.0,0.5,1.0,4282.8,4500.96,10248.308616755374,22772,7630.0
Scenario 19,Camp 5,1.33,40.0,0.5,1.0,2483.6,742.52,5943.672704746792,22772,4424.0
Scenario 19,Camp 6,1.33,40.0,0.5,1.0,1698.4,2074.0,4065.059882756095,22772,3026.0
Scenario 19,Camp 7,1.33,40.0,0.5,1.0,2174.4,1628.42,5203.903117227562,22772,3874.0
Scenario 2,Camp 1,1.0,30.0,0.25,1.0,428.4,2882.1,987.5782990030812,30287,2057.0
Scenario 2,Camp 2,1.0,30.0,0.25,1.0,642.6,2860.68,1480.792174933896,30287,2565.0
Scenario 2,Camp 3,1.0,30.0,0.25,1.0,1071.0,2817.84,2467.2197480650525,30287,3459.0
Scenario 2,Camp 4,1.0,30.0,0.25,1.0,4282.8,4500.96,9862.6626840256,30287,8974.0
Scenario 2,Camp 5,1.0,30.0,0.25,1.0,2483.6,742.52,5719.851552261867,30287,5153.999999999985
Scenario 2,Camp 6,1.0,30.0,0.25,1.0,1698.4,2074.0,3911.861701542623,30287,3564.000000749824
Scenario 2,Camp 7,1.0,30.0,0.25,1.0,2174.4,1628.42,5007.892230526501,30287,4513.999999250191
Scenario 20,Camp 1,1.33,50.0,0.5,1.0,428.4,2882.1,1098.536305549275,22772,764.0
Scenario 20,Camp 2,1.33,50.0,0.5,1.0,642.6,2860.68,1646.9538896797342,22772,1146.0
Scenario 20,Camp 3,1.33,50.0,0.5,1.0,1071.0,2817.84,2743.7887066778862,22772,1908.0
Scenario 20,Camp 4,1.33,50.0,0.5,1.0,4282.8,4500.96,10966.975973410426,22772,7630.0
Scenario 20,Camp 5,1.33,50.0,0.5,1.0,2483.6,742.52,6360.47548765279,22772,4424.0
Scenario 20,Camp 6,1.33,50.0,0.5,1.0,1698.4,2074.0,4350.124077232876,22772,3026.0
Scenario 20,Camp 7,1.33,50.0,0.5,1.0,2174.4,1628.42,5568.829217465454,22772,3874.0
Scenario 21,Camp 1,2.0,20.0,0.5,1.0,428.4,2882.1,407.31092440865274,15143,571.0
Scenario 21,Camp 2,2.0,20.0,0.5,1.0,642.6,2860.68,610.4927198577443,15143,819.0
Scenario 21,Camp 3,2.0,20.0,0.5,1.0,1071.0,2817.84,1016.8560169485006,15143,1311.0
Scenario 21,Camp 4,2.0,20.0,0.5,1.0,4282.8,4500.96,4063.441221816878,15143,5041.0
Scenario 21,Camp 5,2.0,20.0,0.5,1.0,2483.6,742.52,2356.792029965021,15143,2855.0
Scenario 21,Camp 6,2.0,20.0,0.5,1.0,1698.4,2074.0,1611.9826650997184,15143,2009.0
Scenario 21,Camp 7,2.0,20.0,0.5,1.0,2174.4,1628.42,2063.497262213873,15143,2537.0
Scenario 22,Camp 1,2.0,30.0,0.5,1.0,428.4,2882.1,494.3641257426343,15143,494.3641257426343
Scenario 22,Camp 2,2.0,30.0,0.5,1.0,642.6,2860.68,740.9712866476343,15143,740.9712866476343
Scenario 22,Camp 3,2.0,30.0,0.5,1.0,1071.0,2817.84,1234.1852518557291,15143,1234.1852518557291
Scenario 22,Camp 4,2.0,30.0,0.5,1.0,4282.8,4500.96,4931.906921098551,15143,5047.0
Scenario 22,Camp 5,2.0,30.0,0.5,1.0,2483.6,742.52,2860.5013065692156,15143,3039.0
Scenario 22,Camp 6,2.0,30.0,0.5,1.0,1698.4,2074.0,1956.5063276937112,15143,1984.4793357540025
Scenario 22,Camp 7,2.0,30.0,0.5,1.0,2174.4,1628.42,2504.521629238702,15143,2603.0
Scenario 23,Camp 1,2.0,40.0,0.5,1.0,428.4,2882.1,556.1293550373858,15143,508.0
Scenario 23,Camp 2,2.0,40.0,0.5,1.0,642.6,2860.68,833.5473030644163,15143,762.0
Scenario 23,Camp 3,2.0,40.0,0.5,1.0,1071.0,2817.84,1388.38279796318,15143,1270.0
Scenario 23,Camp 4,2.0,40.0,0.5,1.0,4282.8,4500.96,5548.093140890333,15143,5073.0
Scenario 23,Camp 5,2.0,40.0,0.5,1.0,2483.6,742.52,3217.8887258783643,15143,2942.0
Scenario 23,Camp 6,2.0,40.0,0.5,1.0,1698.4,2074.0,2200.949756441908,15143,2012.0
Scenario 23,Camp 7,2.0,40.0,0.5,1.0,2174.4,1628.42,2817.4333974039464,15143,2576.0
Scenario 24,Camp 1,2.0,50.0,0.5,1.0,428.4,2882.1,604.0381888938209,15143,508.0
Scenario 24,Camp 2,2.0,50.0,0.5,1.0,642.6,2860.68,905.3548400920347,15143,762.0
Scenario 24,Camp 3,2.0,50.0,0.5,1.0,1071.0,2817.84,1507.9877067748703,15143,1270.0
Scenario 24,Camp 4,2.0,50.0,0.5,1.0,4282.8,4500.96,6026.044304768518,15143,5073.0
Scenario 24,Camp 5,2.0,50.0,0.5,1.0,2483.6,742.52,3495.0999447075496,15143,2942.0
Scenario 24,Camp 6,2.0,50.0,0.5,1.0,1698.4,2074.0,2390.5548101090503,15143,2012.0
Scenario 24,Camp 7,2.0,50.0,0.5,1.0,2174.4,1628.42,3060.146621072428,15143,2576.0
Scenario 25,Camp 1,1.0,20.0,0.75,1.0,428.4,2882.1,1756.0635872240807,30287,1016.0
Scenario 25,Camp 2,1.0,20.0,0.75,1.0,642.6,2860.68,2633.072457417022,30287,1524.0
Scenario 25,Camp 3,1.0,20.0,0.75,1.0,1071.0,2817.84,4387.089879993091,30287,2538.0
Scenario 25,Camp 4,1.0,20.0,0.75,1.0,4282.8,4500.96,17537.305983712224,30287,10148.0
Scenario 25,Camp 5,1.0,20.0,0.75,1.0,2483.6,742.52,10170.761189663264,30287,5885.0
Scenario 25,Camp 6,1.0,20.0,0.75,1.0,1698.4,2074.0,6955.881775925903,30287,4024.0
Scenario 25,Camp 7,1.0,20.0,0.75,1.0,2174.4,1628.42,8904.789831497232,30287,5152.0
Scenario 26,Camp 1,1.0,30.0,0.75,1.0,428.4,2882.1,1929.9674933116014,30287,1016.0
Scenario 26,Camp 2,1.0,30.0,0.75,1.0,642.6,2860.68,2893.827015900933,30287,1524.0
Scenario 26,Camp 3,1.0,30.0,0.75,1.0,1071.0,2817.84,4821.545711796907,30287,2538.0
Scenario 26,Camp 4,1.0,30.0,0.75,1.0,4282.8,4500.96,19274.034673383776,30287,10148.0
Scenario 26,Camp 5,1.0,30.0,0.75,1.0,2483.6,742.52,11177.97705111265,30287,5885.0
Scenario 26,Camp 6,1.0,30.0,0.75,1.0,1698.4,2074.0,7644.726428202243,30287,4024.0
Scenario 26,Camp 7,1.0,30.0,0.75,1.0,2174.4,1628.42,9786.635879585809,30287,5152.0
Scenario 27,Camp 1,1.0,40.0,0.75,1.0,428.4,2882.1,2053.3542782908203,30287,1016.0
Scenario 27,Camp 2,1.0,40.0,0.75,1.0,642.6,2860.68,3078.8353194166307,30287,1524.0
Scenario 27,Camp 3,1.0,40.0,0.75,1.0,1071.0,2817.84,5129.797030055203,30287,2538.0
Scenario 27,Camp 4,1.0,40.0,0.75,1.0,4282.8,4500.96,20506.263288719758,30287,10148.0
Scenario 27,Camp 5,1.0,40.0,0.75,1.0,2483.6,742.52,11892.608077639272,30287,5885.0
Scenario 27,Camp 6,1.0,40.0,0.75,1.0,1698.4,2074.0,8133.469486979373,30287,4024.0
Scenario 27,Camp 7,1.0,40.0,0.75,1.0,2174.4,1628.42,10412.31560793831,30287,5152.0
Scenario 28,Camp 1,1.0,50.0,0.75,1.0,428.4,2882.1,2149.060504093683,30287,1016.0
Scenario 28,Camp 2,1.0,50.0,0.75,1.0,642.6,2860.68,3222.3389083517027,30287,1524.0
Scenario 28,Camp 3,1.0,50.0,0.75,1.0,1071.0,2817.84,5368.895327933921,30287,2538.0
Scenario 28,Camp 4,1.0,50.0,0.75,1.0,4282.8,4500.96,21462.05405772275,30287,10148.0
Scenario 28,Camp 5,1.0,50.0,0.75,1.0,2483.6,742.52,12446.91896597312,30287,5882.0
Scenario 28,Camp 6,1.0,50.0,0.75,1.0,1698.4,2074.0,8512.568055361586,30287,4026.0
Scenario 28,Camp 7,1.0,50.0,0.75,1.0,2174.4,1628.42,10897.630509141578,30287,5152.0
Scenario 29,Camp 1,1.33,20.0,0.75,1.0,428.4,2882.1,1049.362261316763,22772,764.0
Scenario 29,Camp 2,1.33,20.0,0.75,1.0,642.6,2860.68,1573.2308975392739,22772,1146.0
Scenario 29,Camp 3,1.33,20.0,0.75,1.0,1071.0,2817.84,2620.9678344451895,22772,1908.0
Scenario 29,Camp 4,1.33,20.0,0.75,1.0,4282.8,4500.96,10476.058596452425,22772,7630.0
Scenario 29,Camp 5,1.33,20.0,0.75,1.0,2483.6,742.52,6075.759997240973,22772,4424.0
Scenario 29,Camp 6,1.33,20.0,0.75,1.0,1698.4,2074.0,4155.39842937747,22772,3026.0
Scenario 29,Camp 7,1.33,20.0,0.75,1.0,2174.4,1628.42,5319.550378996815,22772,3874.0
Scenario 3,Camp 1,1.0,40.0,0.25,1.0,428.4,2882.1,1110.9650839823,30287,1793.0
Scenario 3,Camp 2,1.0,40.0,0.25,1.0,642.6,2860.68,1665.8004784495936,30287,2293.0
Scenario 3,Camp 3,1.0,40.0,0.25,1.0,1071.0,2817.84,2775.471066323348,30287,2396.0
Scenario 3,Camp 4,1.0,40.0,0.25,1.0,4282.8,4500.96,11094.891299361581,30287,9583.0
Scenario 3,Camp 5,1.0,40.0,0.25,1.0,2483.6,742.52,6434.482578788488,30287,5556.0
Scenario 3,Camp 6,1.0,40.0,0.25,1.0,1698.4,2074.0,4400.604760319752,30287,3800.0
Scenario 3,Camp 7,1.0,40.0,0.25,1.0,2174.4,1628.42,5633.571958879003,30287,4866.0
Scenario 30,Camp 1,1.33,30.0,0.75,1.0,428.4,2882.1,1180.1673344821163,22772,764.0
Scenario 30,Camp 2,1.33,30.0,0.75,1.0,642.6,2860.68,1769.3372282552214,22772,1146.0
Scenario 30,Camp 3,1.33,30.0,0.75,1.0,1071.0,2817.84,2947.6766384367143,22772,1908.0
Scenario 30,Camp 4,1.33,30.0,0.75,1.0,4282.8,4500.96,11781.919938820485,22772,7630.0
Scenario 30,Camp 5,1.33,30.0,0.75,1.0,2483.6,742.52,6833.115450425439,22772,4424.0
Scenario 30,Camp 6,1.33,30.0,0.75,1.0,1698.4,2074.0,4673.377029926589,22772,3026.0
Scenario 30,Camp 7,1.33,30.0,0.75,1.0,2174.4,1628.42,5982.642813499203,22772,3874.0
Scenario 31,Camp 1,1.33,40.0,0.75,1.0,428.4,2882.1,1272.9750108589878,22772,764.0
Scenario 31,Camp 2,1.33,40.0,0.75,1.0,642.6,2860.68,1908.4768842036888,22772,1146.0
Scenario 31,Camp 3,1.33,40.0,0.75,1.0,1071.0,2817.84,3179.48022385263,22772,1908.0
Scenario 31,Camp 4,1.33,40.0,0.75,1.0,4282.8,4500.96,12708.443306169991,22772,7630.0
Scenario 31,Camp 5,1.33,40.0,0.75,1.0,2483.6,742.52,7370.467696026416,22772,4424.0
Scenario 31,Camp 6,1.33,40.0,0.75,1.0,1698.4,2074.0,5040.888695694613,22772,3026.0
Scenario 31,Camp 7,1.33,40.0,0.75,1.0,2174.4,1628.42,6453.114382988371,22772,3874.0
Scenario 32,Camp 1,1.33,50.0,0.75,1.0,428.4,2882.1,1344.9622373116413,22772,764.0
Scenario 32,Camp 2,1.33,50.0,0.75,1.0,642.6,2860.68,2016.401986009198,22772,1146.0
Scenario 32,Camp 3,1.33,50.0,0.75,1.0,1071.0,2817.84,3359.281053345556,22772,1908.0
Scenario 32,Camp 4,1.33,50.0,0.75,1.0,4282.8,4500.96,13427.110662825045,22772,7630.0
Scenario 32,Camp 5,1.33,50.0,0.75,1.0,2483.6,742.52,7787.270478932415,22772,4424.0
Scenario 32,Camp 6,1.33,50.0,0.75,1.0,1698.4,2074.0,5325.952890171395,22772,3026.0
Scenario 32,Camp 7,1.33,50.0,0.75,1.0,2174.4,1628.42,6818.040483226264,22772,3874.0
Scenario 33,Camp 1,2.0,20.0,0.75,1.0,428.4,2882.1,533.5084932201809,15143,508.0
Scenario 33,Camp 2,2.0,20.0,0.75,1.0,642.6,2860.68,799.6423164099059,15143,762.0
Scenario 33,Camp 3,2.0,20.0,0.75,1.0,1071.0,2817.84,1331.9095779512675,15143,1270.0
Scenario 33,Camp 4,2.0,20.0,0.75,1.0,4282.8,4500.96,5322.421456502039,15143,5073.0
Scenario 33,Camp 5,2.0,20.0,0.75,1.0,2483.6,742.52,3086.9993643442253,15143,2942.0
Scenario 33,Camp 6,2.0,20.0,0.75,1.0,1698.4,2074.0,2111.424936620562,15143,2012.0
Scenario 33,Camp 7,2.0,20.0,0.75,1.0,2174.4,1628.42,2702.8327725950503,15143,2576.0
Scenario 34,Camp 1,2.0,30.0,0.75,1.0,428.4,2882.1,620.5616945541625,15143,508.0
Scenario 34,Camp 2,2.0,30.0,0.75,1.0,642.6,2860.68,930.120883199796,15143,762.0
Scenario 34,Camp 3,2.0,30.0,0.75,1.0,1071.0,2817.84,1549.238812858496,15143,1270.0
Scenario 34,Camp 4,2.0,30.0,0.75,1.0,4282.8,4500.96,6190.887155783712,15143,5073.0
Scenario 34,Camp 5,2.0,30.0,0.75,1.0,2483.6,742.52,3590.70864094842,15143,2942.0
Scenario 34,Camp 6,2.0,30.0,0.75,1.0,1698.4,2074.0,2455.948599214555,15143,2012.0
Scenario 34,Camp 7,2.0,30.0,0.75,1.0,2174.4,1628.42,3143.85713961988,15143,2576.0
Scenario 35,Camp 1,2.0,40.0,0.75,1.0,428.4,2882.1,682.326923848914,15143,508.0
Scenario 35,Camp 2,2.0,40.0,0.75,1.0,642.6,2860.68,1022.6968996165779,15143,762.0
Scenario 35,Camp 3,2.0,40.0,0.75,1.0,1071.0,2817.84,1703.4363589659472,15143,1270.0
Scenario 35,Camp 4,2.0,40.0,0.75,1.0,4282.8,4500.96,6807.073375575495,15143,5073.0
Scenario 35,Camp 5,2.0,40.0,0.75,1.0,2483.6,742.52,3948.0960602575688,15143,2942.0
Scenario 35,Camp 6,2.0,40.0,0.75,1.0,1698.4,2074.0,2700.392027962752,15143,2012.0
Scenario 35,Camp 7,2.0,40.0,0.75,1.0,2174.4,1628.42,3456.768907785124,15143,2576.0
Scenario 36,Camp 1,2.0,50.0,0.75,1.0,428.4,2882.1,730.2357577053491,15143,508.0
Scenario 36,Camp 2,2.0,50.0,0.75,1.0,642.6,2860.68,1094.5044366441964,15143,762.0
Scenario 36,Camp 3,2.0,50.0,0.75,1.0,1071.0,2817.84,1823.0412677776374,15143,1270.0
Scenario 36,Camp 4,2.0,50.0,0.75,1.0,4282.8,4500.96,7285.024539453679,15143,5073.0
Scenario 36,Camp 5,2.0,50.0,0.75,1.0,2483.6,742.52,4225.307279086754,15143,2942.0
Scenario 36,Camp 6,2.0,50.0,0.75,1.0,1698.4,2074.0,2889.997081629894,15143,2012.0
Scenario 36,Camp 7,2.0,50.0,0.75,1.0,2174.4,1628.42,3699.4821314536052,15143,2576.0
Scenario 37,Camp 1,1.0,20.0,0.25,2.0,428.4,2882.1,516.3837018488211,30287,2391.0
Scenario 37,Camp 2,1.0,20.0,0.25,2.0,642.6,2860.68,774.2747544503777,30287,2711.0
Scenario 37,Camp 3,1.0,20.0,0.25,2.0,1071.0,2817.84,1290.0567661991251,30287,3351.0
Scenario 37,Camp 4,1.0,20.0,0.25,2.0,4282.8,4500.96,5156.976689346512,30287,9337.0
Scenario 37,Camp 5,1.0,20.0,0.25,2.0,2483.6,742.52,2990.7888028364764,30287,4277.0
Scenario 37,Camp 6,1.0,20.0,0.25,2.0,1698.4,2074.0,2045.429338212813,30287,3877.0
Scenario 37,Camp 7,1.0,20.0,0.25,2.0,2174.4,1628.42,2618.520405996848,30287,4343.0
Scenario 38,Camp 1,1.0,30.0,0.25,2.0,428.4,2882.1,690.2876079363417,30287,2035.0
Scenario 38,Camp 2,1.0,30.0,0.25,2.0,642.6,2860.68,1035.029312934288,30287,2407.0
Scenario 38,Camp 3,1.0,30.0,0.25,2.0,1071.0,2817.84,1724.512598002941,30287,3145.0
Scenario 38,Camp 4,1.0,30.0,0.25,2.0,4282.8,4500.96,6893.705379018064,30287,9551.0
Scenario 38,Camp 5,1.0,30.0,0.25,2.0,2483.6,742.52,3998.0046642858615,30287,4681.0
Scenario 38,Camp 6,1.0,30.0,0.25,2.0,1698.4,2074.0,2734.273990489153,30287,3917.0
Scenario 38,Camp 7,1.0,30.0,0.25,2.0,2174.4,1628.42,3500.3664540854234,30287,4551.0
Scenario 39,Camp 1,1.0,40.0,0.25,2.0,428.4,2882.1,813.6743929155606,30287,1777.0
Scenario 39,Camp 2,1.0,40.0,0.25,2.0,642.6,2860.68,1220.0376164499855,30287,2183.0
Scenario 39,Camp 3,1.0,40.0,0.25,2.0,1071.0,2817.84,2032.7639162612365,30287,2993.0
Scenario 39,Camp 4,1.0,40.0,0.25,2.0,4282.8,4500.96,8125.933994354047,30287,9705.0
Scenario 39,Camp 5,1.0,40.0,0.25,2.0,2483.6,742.52,4712.635690812483,30287,4979.0
Scenario 39,Camp 6,1.0,40.0,0.25,2.0,1698.4,2074.0,3223.017049266283,30287,3947.0
Scenario 39,Camp 7,1.0,40.0,0.25,2.0,2174.4,1628.42,4126.046182437925,30287,4703.0
Scenario 4,Camp 1,1.0,50.0,0.25,1.0,428.4,2882.1,1206.6713097851627,30287,1016.0
Scenario 4,Camp 2,1.0,50.0,0.25,1.0,642.6,2860.68,1809.3040673846656,30287,1524.0
Scenario 4,Camp 3,1.0,50.0,0.25,1.0,1071.0,2817.84,3014.569364202066,30287,2538.0
Scenario 4,Camp 4,1.0,50.0,0.25,1.0,4282.8,4500.96,12050.682068364575,30287,10147.0
Scenario 4,Camp 5,1.0,50.0,0.25,1.0,2483.6,742.52,6988.7934671223375,30287,5886.0
Scenario 4,Camp 6,1.0,50.0,0.25,1.0,1698.4,2074.0,4779.703328701966,30287,4024.0
Scenario 4,Camp 7,1.0,50.0,0.25,1.0,2174.4,1628.42,6118.886860082271,30287,5152.0
Scenario 40,Camp 1,1.0,50.0,0.25,2.0,428.4,2882.1,909.3806187184234,30287,1575.0
Scenario 40,Camp 2,1.0,50.0,0.25,2.0,642.6,2860.68,1363.5412053850578,30287,2013.0
Scenario 40,Camp 3,1.0,50.0,0.25,2.0,1071.0,2817.84,2271.8622141399546,30287,2929.0
Scenario 40,Camp 4,1.0,50.0,0.25,2.0,4282.8,4500.96,9081.72476335704,30287,9951.000000190747
Scenario 40,Camp 5,1.0,50.0,0.25,2.0,2483.6,742.52,5266.946579146333,30287,5034.000000593345
Scenario 40,Camp 6,1.0,50.0,0.25,2.0,1698.4,2074.0,3602.1156176484965,30287,3963.0
Scenario 40,Camp 7,1.0,50.0,0.25,2.0,2174.4,1628.42,4611.3610836411935,30287,4821.0
Scenario 41,Camp 1,1.33,20.0,0.25,2.0,428.4,2882.1,270.7719589463496,22772,1818.0
Scenario 41,Camp 2,1.33,20.0,0.25,2.0,642.6,2860.68,405.9482865975144,22772,2054.0
Scenario 41,Camp 3,1.33,20.0,0.25,2.0,1071.0,2817.84,676.3008553190849,22772,2530.0
Scenario 41,Camp 4,1.33,20.0,0.25,2.0,4282.8,4500.96,2703.187462296112,22772,7004.0
Scenario 41,Camp 5,1.33,20.0,0.25,2.0,2483.6,742.52,1567.7573867354838,22772,3202.0
Scenario 41,Camp 6,1.33,20.0,0.25,2.0,1698.4,2074.0,1072.2373144172727,22772,2910.0
Scenario 41,Camp 7,1.33,20.0,0.25,2.0,2174.4,1628.42,1372.6290051896258,22772,3254.0
Scenario 42,Camp 1,1.33,30.0,0.25,2.0,428.4,2882.1,401.5770321117031,22772,1550.0
Scenario 42,Camp 2,1.33,30.0,0.25,2.0,642.6,2860.68,602.0546173134618,22772,1824.0
Scenario 42,Camp 3,1.33,30.0,0.25,2.0,1071.0,2817.84,1003.0096593106092,22772,2372.0
Scenario 42,Camp 4,1.33,30.0,0.25,2.0,4282.8,4500.96,4009.0488046641703,22772,7162.0
Scenario 42,Camp 5,1.33,30.0,0.25,2.0,2483.6,742.52,2325.11283991995,22772,3512.0
Scenario 42,Camp 6,1.33,30.0,0.25,2.0,1698.4,2074.0,1590.215914966391,22772,2940.0
Scenario 42,Camp 7,1.33,30.0,0.25,2.0,2174.4,1628.42,2035.7214396920126,22772,3412.0
Scenario 43,Camp 1,1.33,40.0,0.25,2.0,428.4,2882.1,494.38470848857463,22772,1354.0
Scenario 43,Camp 2,1.33,40.0,0.25,2.0,642.6,2860.68,741.1942732619291,22772,1656.0
Scenario 43,Camp 3,1.33,40.0,0.25,2.0,1071.0,2817.84,1234.8132447265252,22772,2256.0
Scenario 43,Camp 4,1.33,40.0,0.25,2.0,4282.8,4500.96,4935.572172013676,22772,7278.0
Scenario 43,Camp 5,1.33,40.0,0.25,2.0,2483.6,742.52,2862.465085520927,22772,3740.0
Scenario 43,Camp 6,1.33,40.0,0.25,2.0,1698.4,2074.0,1957.7275807344154,22772,2962.0
Scenario 43,Camp 7,1.33,40.0,0.25,2.0,2174.4,1628.42,2506.1930091811814,22772,3526.0
Scenario 44,Camp 1,1.33,50.0,0.25,2.0,428.4,2882.1,566.371934941228,22772,1200.0
Scenario 44,Camp 2,1.33,50.0,0.25,2.0,642.6,2860.68,849.1193750674382,22772,1522.0
Scenario 44,Camp 3,1.33,50.0,0.25,2.0,1071.0,2817.84,1414.614074219451,22772,2166.0
Scenario 44,Camp 4,1.33,50.0,0.25,2.0,4282.8,4500.96,5654.23952866873,22772,7370.0
Scenario 44,Camp 5,1.33,50.0,0.25,2.0,2483.6,742.52,3279.267868426926,22772,3918.0
Scenario 44,Camp 6,1.33,50.0,0.25,2.0,1698.4,2074.0,2242.791775211196,22772,2978.0
Scenario 44,Camp 7,1.33,50.0,0.25,2.0,2174.4,1628.42,2871.119109419073,22772,3618.0
Scenario 45,Camp 1,2.0,20.0,0.25,2.0,428.4,2882.1,76.57797202417244,15143,1193.0
Scenario 45,Camp 2,2.0,20.0,0.25,2.0,642.6,2860.68,114.77790459487646,15143,1359.0
Scenario 45,Camp 3,2.0,20.0,0.25,2.0,1071.0,2817.84,191.17771449795046,15143,1687.0
Scenario 45,Camp 4,2.0,20.0,0.25,2.0,4282.8,4500.96,763.9620485454174,15143,4679.0
Scenario 45,Camp 5,2.0,20.0,0.25,2.0,2483.6,742.52,443.0972589293506,15143,2111.0
Scenario 45,Camp 6,2.0,20.0,0.25,2.0,1698.4,2074.0,303.0666648842645,15143,1945.0
Scenario 45,Camp 7,2.0,20.0,0.25,2.0,2174.4,1628.42,387.9553091957617,15143,2169.0
Scenario 46,Camp 1,2.0,30.0,0.25,2.0,428.4,2882.1,163.63117335815406,15143,1013.0
Scenario 46,Camp 2,2.0,30.0,0.25,2.0,642.6,2860.68,245.2564713847665,15143,1203.0
Scenario 46,Camp 3,2.0,30.0,0.25,2.0,1071.0,2817.84,408.5069494051789,15143,1577.0
Scenario 46,Camp 4,2.0,30.0,0.25,2.0,4282.8,4500.96,1632.4277478270897,15143,4785.0
Scenario 46,Camp 5,2.0,30.0,0.25,2.0,2483.6,742.52,946.8065355335451,15143,2325.0
Scenario 46,Camp 6,2.0,30.0,0.25,2.0,1698.4,2074.0,647.5903274782574,15143,1965.0
Scenario 46,Camp 7,2.0,30.0,0.25,2.0,2174.4,1628.42,828.9796762205909,15143,2275.0
Scenario 47,Camp 1,2.0,40.0,0.25,2.0,428.4,2882.1,225.39640265290552,15143,881.0
Scenario 47,Camp 2,2.0,40.0,0.25,2.0,642.6,2860.68,337.83248780154844,15143,1089.0
Scenario 47,Camp 3,2.0,40.0,0.25,2.0,1071.0,2817.84,562.7044955126302,15143,1499.0
Scenario 47,Camp 4,2.0,40.0,0.25,2.0,4282.8,4500.96,2248.613967618873,15143,4863.0
Scenario 47,Camp 5,2.0,40.0,0.25,2.0,2483.6,742.52,1304.1939548426942,15143,2479.0
Scenario 47,Camp 6,2.0,40.0,0.25,2.0,1698.4,2074.0,892.0337562264542,15143,1979.0
Scenario 47,Camp 7,2.0,40.0,0.25,2.0,2174.4,1628.42,1141.8914443858355,15143,2353.0
Scenario 48,Camp 1,2.0,50.0,0.25,2.0,428.4,2882.1,273.30523650934066,15143,777.0
Scenario 48,Camp 2,2.0,50.0,0.25,2.0,642.6,2860.68,409.640024829167,15143,999.0
Scenario 48,Camp 3,2.0,50.0,0.25,2.0,1071.0,2817.84,682.3094043243202,15143,1439.0
Scenario 48,Camp 4,2.0,50.0,0.25,2.0,4282.8,4500.96,2726.565131497057,15143,4925.0
Scenario 48,Camp 5,2.0,50.0,0.25,2.0,2483.6,742.52,1581.4051736718793,15143,2601.0
Scenario 48,Camp 6,2.0,50.0,0.25,2.0,1698.4,2074.0,1081.6388098935965,15143,1989.0
Scenario 48,Camp 7,2.0,50.0,0.25,2.0,2174.4,1628.42,1384.6046680543166,15143,2413.0
Scenario 49,Camp 1,1.0,20.0,0.5,2.0,428.4,2882.1,987.5782990030812,30287,1611.0
Scenario 49,Camp 2,1.0,20.0,0.5,2.0,642.6,2860.68,1480.792174933896,30287,2083.0
Scenario 49,Camp 3,1.0,20.0,0.5,2.0,1071.0,2817.84,2467.2197480650525,30287,3017.0
Scenario 49,Camp 4,1.0,20.0,0.5,2.0,4282.8,4500.96,9862.6626840256,30287,9312.000000336107
Scenario 49,Camp 5,1.0,20.0,0.5,2.0,2483.6,742.52,5719.851552261867,30287,5399.99999999998
Scenario 49,Camp 6,1.0,20.0,0.5,2.0,1698.4,2074.0,3911.861701542623,30287,4222.999999999985
Scenario 49,Camp 7,1.0,20.0,0.5,2.0,2174.4,1628.42,5007.892230526501,30287,4640.999999663929
Scenario 5,Camp 1,1.33,20.0,0.25,1.0,428.4,2882.1,494.38470848857463,22772,1486.0
Scenario 5,Camp 2,1.33,20.0,0.25,1.0,642.6,2860.68,741.1942732619291,22772,1770.0
Scenario 5,Camp 3,1.33,20.0,0.25,1.0,1071.0,2817.84,1234.8132447265252,22772,2336.0
Scenario 5,Camp 4,1.33,20.0,0.25,1.0,4282.8,4500.96,4935.572172013676,22772,7200.0
Scenario 5,Camp 5,1.33,20.0,0.25,1.0,2483.6,742.52,2862.465085520927,22772,3584.0
Scenario 5,Camp 6,1.33,20.0,0.25,1.0,1698.4,2074.0,1957.7275807344154,22772,2948.0
Scenario 5,Camp 7,1.33,20.0,0.25,1.0,2174.4,1628.42,2506.1930091811814,22772,3448.0
Scenario 50,Camp 1,1.0,30.0,0.5,2.0,428.4,2882.1,1161.4822050906018,30287,1016.0
Scenario 50,Camp 2,1.0,30.0,0.5,2.0,642.6,2860.68,1741.5467334178065,30287,1524.0
Scenario 50,Camp 3,1.0,30.0,0.5,2.0,1071.0,2817.84,2901.6755798688687,30287,2538.0
Scenario 50,Camp 4,1.0,30.0,0.5,2.0,4282.8,4500.96,11599.391373697154,30287,10148.0
Scenario 50,Camp 5,1.0,30.0,0.5,2.0,2483.6,742.52,6727.067413711253,30287,5884.0
Scenario 50,Camp 6,1.0,30.0,0.5,2.0,1698.4,2074.0,4600.706353818963,30287,4024.0
Scenario 50,Camp 7,1.0,30.0,0.5,2.0,2174.4,1628.42,5889.738278615077,30287,5153.0
Scenario 51,Camp 1,1.0,40.0,0.5,2.0,428.4,2882.1,1284.8689900698207,30287,1016.0
Scenario 51,Camp 2,1.0,40.0,0.5,2.0,642.6,2860.68,1926.555036933504,30287,1524.0
Scenario 51,Camp 3,1.0,40.0,0.5,2.0,1071.0,2817.84,3209.926898127164,30287,2538.0
Scenario 51,Camp 4,1.0,40.0,0.5,2.0,4282.8,4500.96,12831.619989033135,30287,10148.0
Scenario 51,Camp 5,1.0,40.0,0.5,2.0,2483.6,742.52,7441.698440237874,30287,5885.0
Scenario 51,Camp 6,1.0,40.0,0.5,2.0,1698.4,2074.0,5089.449412596093,30287,4024.0
Scenario 51,Camp 7,1.0,40.0,0.5,2.0,2174.4,1628.42,6515.4180069675795,30287,5152.0
Scenario 52,Camp 1,1.0,50.0,0.5,2.0,428.4,2882.1,1380.5752158726834,30287,1016.0
Scenario 52,Camp 2,1.0,50.0,0.5,2.0,642.6,2860.68,2070.058625868576,30287,1524.0
Scenario 52,Camp 3,1.0,50.0,0.5,2.0,1071.0,2817.84,3449.025196005882,30287,2538.0
Scenario 52,Camp 4,1.0,50.0,0.5,2.0,4282.8,4500.96,13787.410758036129,30287,10148.0
Scenario 52,Camp 5,1.0,50.0,0.5,2.0,2483.6,742.52,7996.009328571723,30287,5885.0
Scenario 52,Camp 6,1.0,50.0,0.5,2.0,1698.4,2074.0,5468.547980978306,30287,4024.0
Scenario 52,Camp 7,1.0,50.0,0.5,2.0,2174.4,1628.42,7000.732908170847,30287,5152.0
Scenario 53,Camp 1,1.33,20.0,0.5,2.0,428.4,2882.1,579.3235800121718,22772,1172.0
Scenario 53,Camp 2,1.33,20.0,0.5,2.0,642.6,2860.68,868.5368145453958,22772,1498.0
Scenario 53,Camp 3,1.33,20.0,0.5,2.0,1071.0,2817.84,1446.9630983700797,22772,2150.0
Scenario 53,Camp 4,1.33,20.0,0.5,2.0,4282.8,4500.96,5783.539197320244,22772,7386.0
Scenario 53,Camp 5,1.33,20.0,0.5,2.0,2483.6,742.52,3354.2573071759048,22772,3950.0
Scenario 53,Camp 6,1.33,20.0,0.5,2.0,1698.4,2074.0,2294.0793501218095,22772,2982.0
Scenario 53,Camp 7,1.33,20.0,0.5,2.0,2174.4,1628.42,2936.775109244451,22772,3634.0
Scenario 54,Camp 1,1.33,30.0,0.5,2.0,428.4,2882.1,710.1286531775253,22772,888.0
Scenario 54,Camp 2,1.33,30.0,0.5,2.0,642.6,2860.68,1064.6431452613433,22772,1254.0
Scenario 54,Camp 3,1.33,30.0,0.5,2.0,1071.0,2817.84,1773.6719023616042,22772,1982.0
Scenario 54,Camp 4,1.33,30.0,0.5,2.0,4282.8,4500.96,7089.400539688303,22772,7556.0
Scenario 54,Camp 5,1.33,30.0,0.5,2.0,2483.6,742.52,4111.612760360372,22772,4280.0
Scenario 54,Camp 6,1.33,30.0,0.5,2.0,1698.4,2074.0,2812.057950670928,22772,3012.0
Scenario 54,Camp 7,1.33,30.0,0.5,2.0,2174.4,1628.42,3599.8675437468382,22772,3800.0
Scenario 55,Camp 1,1.33,40.0,0.5,2.0,428.4,2882.1,802.9363295543967,22772,764.0
Scenario 55,Camp 2,1.33,40.0,0.5,2.0,642.6,2860.68,1203.7828012098105,22772,1146.0
Scenario 55,Camp 3,1.33,40.0,0.5,2.0,1071.0,2817.84,2005.47548777752,22772,1908.0
Scenario 55,Camp 4,1.33,40.0,0.5,2.0,4282.8,4500.96,8015.923907037809,22772,7630.0
Scenario 55,Camp 5,1.33,40.0,0.5,2.0,2483.6,742.52,4648.965005961348,22772,4424.0
Scenario 55,Camp 6,1.33,40.0,0.5,2.0,1698.4,2074.0,3179.569616438952,22772,3026.0
Scenario 55,Camp 7,1.33,40.0,0.5,2.0,2174.4,1628.42,4070.3391132360066,22772,3874.0
Scenario 56,Camp 1,1.33,50.0,0.5,2.0,428.4,2882.1,874.9235560070501,22772,764.0
Scenario 56,Camp 2,1.33,50.0,0.5,2.0,642.6,2860.68,1311.7079030153195,22772,1146.0
Scenario 56,Camp 3,1.33,50.0,0.5,2.0,1071.0,2817.84,2185.276317270446,22772,1908.0
Scenario 56,Camp 4,1.33,50.0,0.5,2.0,4282.8,4500.96,8734.591263692862,22772,7630.0
Scenario 56,Camp 5,1.33,50.0,0.5,2.0,2483.6,742.52,5065.767788867347,22772,4424.0
Scenario 56,Camp 6,1.33,50.0,0.5,2.0,1698.4,2074.0,3464.6338109157327,22772,3026.0
Scenario 56,Camp 7,1.33,50.0,0.5,2.0,2174.4,1628.42,4435.265213473898,22772,3874.0
Scenario 57,Camp 1,2.0,20.0,0.5,2.0,428.4,2882.1,258.4924937799197,15143,809.0
Scenario 57,Camp 2,2.0,20.0,0.5,2.0,642.6,2860.68,387.4381366510724,15143,1027.0
Scenario 57,Camp 3,2.0,20.0,0.5,2.0,1071.0,2817.84,645.329235933821,15143,1457.0
Scenario 57,Camp 4,2.0,20.0,0.5,2.0,4282.8,4500.96,2578.789302743423,15143,4905.0
Scenario 57,Camp 5,2.0,20.0,0.5,2.0,2483.6,742.52,1495.6953340516777,15143,2563.0
Scenario 57,Camp 6,2.0,20.0,0.5,2.0,1698.4,2074.0,1023.0155737575287,15143,1987.0
Scenario 57,Camp 7,2.0,20.0,0.5,2.0,2174.4,1628.42,1309.5611270237994,15143,2395.0
Scenario 58,Camp 1,2.0,30.0,0.5,2.0,428.4,2882.1,345.5456951139013,15143,619.0
Scenario 58,Camp 2,2.0,30.0,0.5,2.0,642.6,2860.68,517.9167034409625,15143,863.0
Scenario 58,Camp 3,2.0,30.0,0.5,2.0,1071.0,2817.84,862.6584708410494,15143,1345.0
Scenario 58,Camp 4,2.0,30.0,0.5,2.0,4282.8,4500.96,3447.255002025095,15143,5017.0
Scenario 58,Camp 5,2.0,30.0,0.5,2.0,2483.6,742.52,1999.4046106558721,15143,2785.0
Scenario 58,Camp 6,2.0,30.0,0.5,2.0,1698.4,2074.0,1367.5392363515216,15143,2007.0
Scenario 58,Camp 7,2.0,30.0,0.5,2.0,2174.4,1628.42,1750.5854940486286,15143,2507.0
Scenario 59,Camp 1,2.0,40.0,0.5,2.0,428.4,2882.1,407.31092440865274,15143,483.0
Scenario 59,Camp 2,2.0,40.0,0.5,2.0,642.6,2860.68,610.4927198577443,15143,745.0
Scenario 59,Camp 3,2.0,40.0,0.5,2.0,1071.0,2817.84,1016.8560169485006,15143,1265.0
Scenario 59,Camp 4,2.0,40.0,0.5,2.0,4282.8,4500.96,4063.441221816878,15143,5099.0
Scenario 59,Camp 5,2.0,40.0,0.5,2.0,2483.6,742.52,2356.792029965021,15143,2943.0
Scenario 59,Camp 6,2.0,40.0,0.5,2.0,1698.4,2074.0,1611.9826650997184,15143,2021.0
Scenario 59,Camp 7,2.0,40.0,0.5,2.0,2174.4,1628.42,2063.497262213873,15143,2587.0
Scenario 6,Camp 1,1.33,30.0,0.25,1.0,428.4,2882.1,625.1897816539281,22772,1216.0
Scenario 6,Camp 2,1.33,30.0,0.25,1.0,642.6,2860.68,937.3006039778764,22772,1538.0
Scenario 6,Camp 3,1.33,30.0,0.25,1.0,1071.0,2817.84,1561.5220487180495,22772,2178.0
Scenario 6,Camp 4,1.33,30.0,0.25,1.0,4282.8,4500.96,6241.433514381736,22772,7362.0
Scenario 6,Camp 5,1.33,30.0,0.25,1.0,2483.6,742.52,3619.8205387053936,22772,3894.0
Scenario 6,Camp 6,1.33,30.0,0.25,1.0,1698.4,2074.0,2475.7061812835336,22772,2978.0
Scenario 6,Camp 7,1.33,30.0,0.25,1.0,2174.4,1628.42,3169.2854436835687,22772,3606.0
Scenario 60,Camp 1,2.0,50.0,0.5,2.0,428.4,2882.1,455.2197582650879,15143,455.2197582650879
Scenario 60,Camp 2,2.0,50.0,0.5,2.0,642.6,2860.68,682.300256885363,15143,682.300256885363
Scenario 60,Camp 3,2.0,50.0,0.5,2.0,1071.0,2817.84,1136.4609257601908,15143,1185.0
Scenario 60,Camp 4,2.0,50.0,0.5,2.0,4282.8,4500.96,4541.392385695062,15143,5121.0
Scenario 60,Camp 5,2.0,50.0,0.5,2.0,2483.6,742.52,2634.0032487942062,15143,3051.0
Scenario 60,Camp 6,2.0,50.0,0.5,2.0,1698.4,2074.0,1801.5877187668607,15143,2017.0
Scenario 60,Camp 7,2.0,50.0,0.5,2.0,2174.4,1628.42,2306.2104858823545,15143,2631.479984849549
Scenario 61,Camp 1,1.0,20.0,0.75,2.0,428.4,2882.1,1458.7728961573414,30287,1016.0
Scenario 61,Camp 2,1.0,20.0,0.75,2.0,642.6,2860.68,2187.3095954174146,30287,1524.0
Scenario 61,Camp 3,1.0,20.0,0.75,2.0,1071.0,2817.84,3644.38272993098,30287,2539.0
Scenario 61,Camp 4,1.0,20.0,0.75,2.0,4282.8,4500.96,14568.34867870469,30287,10148.0
Scenario 61,Camp 5,1.0,20.0,0.75,2.0,2483.6,742.52,8448.91430168726,30287,5884.0
Scenario 61,Camp 6,1.0,20.0,0.75,2.0,1698.4,2074.0,5778.294064872433,30287,4024.0
Scenario 61,Camp 7,1.0,20.0,0.75,2.0,2174.4,1628.42,7397.2640550561555,30287,5152.0
Scenario 62,Camp 1,1.0,30.0,0.75,2.0,428.4,2882.1,1632.6768022448618,30287,1016.0
Scenario 62,Camp 2,1.0,30.0,0.75,2.0,642.6,2860.68,2448.064153901325,30287,1524.0
Scenario 62,Camp 3,1.0,30.0,0.75,2.0,1071.0,2817.84,4078.838561734796,30287,2538.0
Scenario 62,Camp 4,1.0,30.0,0.75,2.0,4282.8,4500.96,16305.07736837624,30287,10148.0
Scenario 62,Camp 5,1.0,30.0,0.75,2.0,2483.6,742.52,9456.130163136644,30287,5885.0
Scenario 62,Camp 6,1.0,30.0,0.75,2.0,1698.4,2074.0,6467.138717148773,30287,4024.0
Scenario 62,Camp 7,1.0,30.0,0.75,2.0,2174.4,1628.42,8279.11010314473,30287,5152.0
Scenario 63,Camp 1,1.0,40.0,0.75,2.0,428.4,2882.1,1756.0635872240807,30287,1016.0
Scenario 63,Camp 2,1.0,40.0,0.75,2.0,642.6,2860.68,2633.072457417022,30287,1524.0
Scenario 63,Camp 3,1.0,40.0,0.75,2.0,1071.0,2817.84,4387.089879993091,30287,2538.0
Scenario 63,Camp 4,1.0,40.0,0.75,2.0,4282.8,4500.96,17537.305983712224,30287,10149.0
Scenario 63,Camp 5,1.0,40.0,0.75,2.0,2483.6,742.52,10170.761189663264,30287,5884.0
Scenario 63,Camp 6,1.0,40.0,0.75,2.0,1698.4,2074.0,6955.881775925903,30287,4024.0
Scenario 63,Camp 7,1.0,40.0,0.75,2.0,2174.4,1628.42,8904.789831497232,30287,5152.0
Scenario 64,Camp 1,1.0,50.0,0.75,2.0,428.4,2882.1,1851.7698130269434,30287,1016.0
Scenario 64,Camp 2,1.0,50.0,0.75,2.0,642.6,2860.68,2776.576046352094,30287,1524.0
Scenario 64,Camp 3,1.0,50.0,0.75,2.0,1071.0,2817.84,4626.188177871809,30287,2538.0
Scenario 64,Camp 4,1.0,50.0,0.75,2.0,4282.8,4500.96,18493.096752715217,30287,10148.0
Scenario 64,Camp 5,1.0,50.0,0.75,2.0,2483.6,742.52,10725.072077997114,30287,5885.0
Scenario 64,Camp 6,1.0,50.0,0.75,2.0,1698.4,2074.0,7334.980344308116,30287,4024.0
Scenario 64,Camp 7,1.0,50.0,0.75,2.0,2174.4,1628.42,9390.1047327005,30287,5152.0
Scenario 65,Camp 1,1.33,20.0,0.75,2.0,428.4,2882.1,825.749511774538,22772,764.0
Scenario 65,Camp 2,1.33,20.0,0.75,2.0,642.6,2860.68,1237.9849108748595,22772,1146.0
Scenario 65,Camp 3,1.33,20.0,0.75,2.0,1071.0,2817.84,2062.4554450377495,22772,1908.0
Scenario 65,Camp 4,1.33,20.0,0.75,2.0,4282.8,4500.96,8243.673886734861,22772,7630.0
Scenario 65,Camp 5,1.33,20.0,0.75,2.0,2483.6,742.52,4781.05229845553,22772,4424.0
Scenario 65,Camp 6,1.33,20.0,0.75,2.0,1698.4,2074.0,3269.908163060328,22772,3026.0
Scenario 65,Camp 7,1.33,20.0,0.75,2.0,2174.4,1628.42,4185.98637500526,22772,3874.0
Scenario 66,Camp 1,1.33,30.0,0.75,2.0,428.4,2882.1,956.5545849398914,22772,764.0
Scenario 66,Camp 2,1.33,30.0,0.75,2.0,642.6,2860.68,1434.0912415908067,22772,1146.0
Scenario 66,Camp 3,1.33,30.0,0.75,2.0,1071.0,2817.84,2389.164249029274,22772,1908.0
Scenario 66,Camp 4,1.33,30.0,0.75,2.0,4282.8,4500.96,9549.53522910292,22772,7630.0
Scenario 66,Camp 5,1.33,30.0,0.75,2.0,2483.6,742.52,5538.407751639996,22772,4424.0
Scenario 66,Camp 6,1.33,30.0,0.75,2.0,1698.4,2074.0,3787.886763609446,22772,3026.0
Scenario 66,Camp 7,1.33,30.0,0.75,2.0,2174.4,1628.42,4849.078809507647,22772,3874.0
Scenario 67,Camp 1,1.33,40.0,0.75,2.0,428.4,2882.1,1049.362261316763,22772,764.0
Scenario 67,Camp 2,1.33,40.0,0.75,2.0,642.6,2860.68,1573.2308975392739,22772,1146.0
Scenario 67,Camp 3,1.33,40.0,0.75,2.0,1071.0,2817.84,2620.9678344451895,22772,1908.0
Scenario 67,Camp 4,1.33,40.0,0.75,2.0,4282.8,4500.96,10476.058596452425,22772,7630.0
Scenario 67,Camp 5,1.33,40.0,0.75,2.0,2483.6,742.52,6075.759997240973,22772,4424.0
Scenario 67,Camp 6,1.33,40.0,0.75,2.0,1698.4,2074.0,4155.39842937747,22772,3026.0
Scenario 67,Camp 7,1.33,40.0,0.75,2.0,2174.4,1628.42,5319.550378996815,22772,3874.0
Scenario 68,Camp 1,1.33,50.0,0.75,2.0,428.4,2882.1,1121.3494877694163,22772,764.0
Scenario 68,Camp 2,1.33,50.0,0.75,2.0,642.6,2860.68,1681.1559993447831,22772,1146.0
Scenario 68,Camp 3,1.33,50.0,0.75,2.0,1071.0,2817.84,2800.7686639381154,22772,1908.0
Scenario 68,Camp 4,1.33,50.0,0.75,2.0,4282.8,4500.96,11194.725953107478,22772,7630.0
Scenario 68,Camp 5,1.33,50.0,0.75,2.0,2483.6,742.52,6492.562780146971,22772,4424.0
Scenario 68,Camp 6,1.33,50.0,0.75,2.0,1698.4,2074.0,4440.462623854251,22772,3026.0
Scenario 68,Camp 7,1.33,50.0,0.75,2.0,2174.4,1628.42,5684.476479234707,22772,3874.0
Scenario 69,Camp 1,2.0,20.0,0.75,2.0,428.4,2882.1,384.69006259144777,15143,533.0
Scenario 69,Camp 2,2.0,20.0,0.75,2.0,642.6,2860.68,576.5877332032339,15143,789.0
Scenario 69,Camp 3,2.0,20.0,0.75,2.0,1071.0,2817.84,960.3827969365877,15143,1295.0
Scenario 69,Camp 4,2.0,20.0,0.75,2.0,4282.8,4500.96,3837.7695374285836,15143,5067.0
Scenario 69,Camp 5,2.0,20.0,0.75,2.0,2483.6,742.52,2225.9026684308815,15143,2885.0
Scenario 69,Camp 6,2.0,20.0,0.75,2.0,1698.4,2074.0,1522.4578452783724,15143,2017.0
Scenario 69,Camp 7,2.0,20.0,0.75,2.0,2174.4,1628.42,1948.8966374049764,15143,2557.0
Scenario 7,Camp 1,1.33,40.0,0.25,1.0,428.4,2882.1,717.9974580307996,22772,1058.0
Scenario 7,Camp 2,1.33,40.0,0.25,1.0,642.6,2860.68,1076.4402599263437,22772,1402.0
Scenario 7,Camp 3,1.33,40.0,0.25,1.0,1071.0,2817.84,1793.3256341339654,22772,2100.0000000151294
Scenario 7,Camp 4,1.33,40.0,0.25,1.0,4282.8,4500.96,7167.956881731242,22772,7568.000000135678
Scenario 7,Camp 5,1.33,40.0,0.25,1.0,2483.6,742.52,4157.172784306371,22772,4054.000000029002
Scenario 7,Camp 6,1.33,40.0,0.25,1.0,1698.4,2074.0,2843.2178470515582,22772,3038.000000036317
Scenario 7,Camp 7,1.33,40.0,0.25,1.0,2174.4,1628.42,3639.757013172737,22772,3550.0
Scenario 70,Camp 1,2.0,30.0,0.75,2.0,428.4,2882.1,471.7432639254294,15143,471.7432639254294
Scenario 70,Camp 2,2.0,30.0,0.75,2.0,642.6,2860.68,707.0662999931241,15143,707.0662999931241
Scenario 70,Camp 3,2.0,30.0,0.75,2.0,1071.0,2817.84,1177.7120318438162,15143,1177.7120318438162
Scenario 70,Camp 4,2.0,30.0,0.75,2.0,4282.8,4500.96,4706.235236710256,15143,5087.47840423763
Scenario 70,Camp 5,2.0,30.0,0.75,2.0,2483.6,742.52,2729.611945035076,15143,3073.0
Scenario 70,Camp 6,2.0,30.0,0.75,2.0,1698.4,2074.0,1866.9815078723655,15143,1997.0
Scenario 70,Camp 7,2.0,30.0,0.75,2.0,2174.4,1628.42,2389.921004429806,15143,2629.0
Scenario 71,Camp 1,2.0,40.0,0.75,2.0,428.4,2882.1,533.5084932201809,15143,508.0
Scenario 71,Camp 2,2.0,40.0,0.75,2.0,642.6,2860.68,799.6423164099059,15143,762.0
Scenario 71,Camp 3,2.0,40.0,0.75,2.0,1071.0,2817.84,1331.9095779512675,15143,1270.0
Scenario 71,Camp 4,2.0,40.0,0.75,2.0,4282.8,4500.96,5322.421456502039,15143,5072.0
Scenario 71,Camp 5,2.0,40.0,0.75,2.0,2483.6,742.52,3086.9993643442253,15143,2943.0
Scenario 71,Camp 6,2.0,40.0,0.75,2.0,1698.4,2074.0,2111.424936620562,15143,2012.0
Scenario 71,Camp 7,2.0,40.0,0.75,2.0,2174.4,1628.42,2702.8327725950503,15143,2576.0
Scenario 72,Camp 1,2.0,50.0,0.75,2.0,428.4,2882.1,581.417327076616,15143,508.0
Scenario 72,Camp 2,2.0,50.0,0.75,2.0,642.6,2860.68,871.4498534375244,15143,762.0
Scenario 72,Camp 3,2.0,50.0,0.75,2.0,1071.0,2817.84,1451.5144867629576,15143,1270.0
Scenario 72,Camp 4,2.0,50.0,0.75,2.0,4282.8,4500.96,5800.372620380223,15143,5073.0
Scenario 72,Camp 5,2.0,50.0,0.75,2.0,2483.6,742.52,3364.21058317341,15143,2942.0
Scenario 72,Camp 6,2.0,50.0,0.75,2.0,1698.4,2074.0,2301.0299902877045,15143,2012.0
Scenario 72,Camp 7,2.0,50.0,0.75,2.0,2174.4,1628.42,2945.5459962635314,15143,2576.0
Scenario 73,Camp 1,1.0,20.0,0.25,3.0,428.4,2882.1,342.4797957613005,30287,2677.0
Scenario 73,Camp 2,1.0,20.0,0.25,3.0,642.6,2860.68,513.5201959664673,30287,2957.0
Scenario 73,Camp 3,1.0,20.0,0.25,3.0,1071.0,2817.84,855.6009343953094,30287,3517.0
Scenario 73,Camp 4,1.0,20.0,0.25,3.0,4282.8,4500.96,3420.2479996749594,30287,9163.0
Scenario 73,Camp 5,1.0,20.0,0.25,3.0,2483.6,742.52,1983.5729413870913,30287,3955.0
Scenario 73,Camp 6,1.0,20.0,0.25,3.0,1698.4,2074.0,1356.5846859364729,30287,3843.0
Scenario 73,Camp 7,1.0,20.0,0.25,3.0,2174.4,1628.42,1736.6743579082724,30287,4175.0
Scenario 74,Camp 1,1.0,30.0,0.25,3.0,428.4,2882.1,516.3837018488213,30287,2325.0
Scenario 74,Camp 2,1.0,30.0,0.25,3.0,642.6,2860.68,774.2747544503778,30287,2653.0
Scenario 74,Camp 3,1.0,30.0,0.25,3.0,1071.0,2817.84,1290.0567661991254,30287,3311.0
Scenario 74,Camp 4,1.0,30.0,0.25,3.0,4282.8,4500.96,5156.976689346513,30287,9373.0
Scenario 74,Camp 5,1.0,30.0,0.25,3.0,2483.6,742.52,2990.788802836477,30287,4359.0
Scenario 74,Camp 6,1.0,30.0,0.25,3.0,1698.4,2074.0,2045.4293382128135,30287,3883.0
Scenario 74,Camp 7,1.0,30.0,0.25,3.0,2174.4,1628.42,2618.5204059968482,30287,4383.0
Scenario 75,Camp 1,1.0,40.0,0.25,3.0,428.4,2882.1,639.7704868280399,30287,2067.0
Scenario 75,Camp 2,1.0,40.0,0.25,3.0,642.6,2860.68,959.2830579660753,30287,2431.0
Scenario 75,Camp 3,1.0,40.0,0.25,3.0,1071.0,2817.84,1598.3080844574208,30287,3161.0
Scenario 75,Camp 4,1.0,40.0,0.25,3.0,4282.8,4500.96,6389.205304682495,30287,9527.0
Scenario 75,Camp 5,1.0,40.0,0.25,3.0,2483.6,742.52,3705.4198293630975,30287,4657.0
Scenario 75,Camp 6,1.0,40.0,0.25,3.0,1698.4,2074.0,2534.1723969899426,30287,3911.0
Scenario 75,Camp 7,1.0,40.0,0.25,3.0,2174.4,1628.42,3244.20013434935,30287,4533.0
Scenario 76,Camp 1,1.0,50.0,0.25,3.0,428.4,2882.1,735.4767126309029,30287,1863.0
Scenario 76,Camp 2,1.0,50.0,0.25,3.0,642.6,2860.68,1102.7866469011474,30287,2255.0
Scenario 76,Camp 3,1.0,50.0,0.25,3.0,1071.0,2817.84,1837.406382336139,30287,3041.0
Scenario 76,Camp 4,1.0,50.0,0.25,3.0,4282.8,4500.96,7344.996073685489,30287,9649.0
Scenario 76,Camp 5,1.0,50.0,0.25,3.0,2483.6,742.52,4259.730717696947,30287,4891.0
Scenario 76,Camp 6,1.0,50.0,0.25,3.0,1698.4,2074.0,2913.2709653721563,30287,3935.0
Scenario 76,Camp 7,1.0,50.0,0.25,3.0,2174.4,1628.42,3729.5150355526184,30287,4653.0
Scenario 77,Camp 1,1.33,20.0,0.25,3.0,428.4,2882.1,139.9668857809961,22772,2040.0
Scenario 77,Camp 2,1.33,20.0,0.25,3.0,642.6,2860.68,209.841955881567,22772,2248.0
Scenario 77,Camp 3,1.33,20.0,0.25,3.0,1071.0,2817.84,349.59205132756034,22772,2662.0
Scenario 77,Camp 4,1.33,20.0,0.25,3.0,4282.8,4500.96,1397.326119928052,22772,6874.0
Scenario 77,Camp 5,1.33,20.0,0.25,3.0,2483.6,742.52,810.4019335510172,22772,2940.0
Scenario 77,Camp 6,1.33,20.0,0.25,3.0,1698.4,2074.0,554.2587138681542,22772,2886.0
Scenario 77,Camp 7,1.33,20.0,0.25,3.0,2174.4,1628.42,709.5365706872385,22772,3122.0
Scenario 78,Camp 1,1.33,30.0,0.25,3.0,428.4,2882.1,270.7719589463496,22772,1774.0
Scenario 78,Camp 2,1.33,30.0,0.25,3.0,642.6,2860.68,405.9482865975144,22772,2018.0
Scenario 78,Camp 3,1.33,30.0,0.25,3.0,1071.0,2817.84,676.3008553190849,22772,2504.0
Scenario 78,Camp 4,1.33,30.0,0.25,3.0,4282.8,4500.96,2703.187462296112,22772,7030.0
Scenario 78,Camp 5,1.33,30.0,0.25,3.0,2483.6,742.52,1567.7573867354838,22772,3250.0
Scenario 78,Camp 6,1.33,30.0,0.25,3.0,1698.4,2074.0,1072.2373144172727,22772,2916.0
Scenario 78,Camp 7,1.33,30.0,0.25,3.0,2174.4,1628.42,1372.6290051896258,22772,3280.0
Scenario 79,Camp 1,1.33,40.0,0.25,3.0,428.4,2882.1,363.5796353232211,22772,1578.0
Scenario 79,Camp 2,1.33,40.0,0.25,3.0,642.6,2860.68,545.0879425459817,22772,1848.0
Scenario 79,Camp 3,1.33,40.0,0.25,3.0,1071.0,2817.84,908.1044407350007,22772,2390.0
Scenario 79,Camp 4,1.33,40.0,0.25,3.0,4282.8,4500.96,3629.7108296456177,22772,7146.0
Scenario 79,Camp 5,1.33,40.0,0.25,3.0,2483.6,742.52,2105.109632336461,22772,3478.0
Scenario 79,Camp 6,1.33,40.0,0.25,3.0,1698.4,2074.0,1439.748980185297,22772,2938.0
Scenario 79,Camp 7,1.33,40.0,0.25,3.0,2174.4,1628.42,1843.1005746787944,22772,3394.0
Scenario 8,Camp 1,1.33,50.0,0.25,1.0,428.4,2882.1,789.9846844834531,22772,974.0
Scenario 8,Camp 2,1.33,50.0,0.25,1.0,642.6,2860.68,1184.3653617318528,22772,1350.0
Scenario 8,Camp 3,1.33,50.0,0.25,1.0,1071.0,2817.84,1973.1264636268913,22772,1870.0
Scenario 8,Camp 4,1.33,50.0,0.25,1.0,4282.8,4500.96,7886.624238386295,22772,7478.0
Scenario 8,Camp 5,1.33,50.0,0.25,1.0,2483.6,742.52,4573.975567212369,22772,4336.0
Scenario 8,Camp 6,1.33,50.0,0.25,1.0,1698.4,2074.0,3128.282041528339,22772,2966.0
Scenario 8,Camp 7,1.33,50.0,0.25,1.0,2174.4,1628.42,4004.683113410629,22772,3798.0
Scenario 80,Camp 1,1.33,50.0,0.25,3.0,428.4,2882.1,435.5668617758745,22772,1424.0
Scenario 80,Camp 2,1.33,50.0,0.25,3.0,642.6,2860.68,653.0130443514907,22772,1716.0
Scenario 80,Camp 3,1.33,50.0,0.25,3.0,1071.0,2817.84,1087.9052702279266,22772,2298.0
Scenario 80,Camp 4,1.33,50.0,0.25,3.0,4282.8,4500.96,4348.378186300671,22772,7238.0
Scenario 80,Camp 5,1.33,50.0,0.25,3.0,2483.6,742.52,2521.9124152424597,22772,3656.0
Scenario 80,Camp 6,1.33,50.0,0.25,3.0,1698.4,2074.0,1724.8131746620777,22772,2954.0
Scenario 80,Camp 7,1.33,50.0,0.25,3.0,2174.4,1628.42,2208.0266749166863,22772,3486.0
Scenario 81,Camp 1,2.0,20.0,0.25,3.0,428.4,2882.1,-10.47522930980916,15143,1351.0
Scenario 81,Camp 2,2.0,20.0,0.25,3.0,642.6,2860.68,-15.700662195013551,15143,1497.0
Scenario 81,Camp 3,2.0,20.0,0.25,3.0,1071.0,2817.84,-26.15152040927791,15143,1783.0
Scenario 81,Camp 4,2.0,20.0,0.25,3.0,4282.8,4500.96,-104.50365073625477,15143,4589.0
Scenario 81,Camp 5,2.0,20.0,0.25,3.0,2483.6,742.52,-60.612017674843784,15143,1919.0
Scenario 81,Camp 6,2.0,20.0,0.25,3.0,1698.4,2074.0,-41.456997709728356,15143,1931.0
Scenario 81,Camp 7,2.0,20.0,0.25,3.0,2174.4,1628.42,-53.069057829067475,15143,2073.0
Scenario 82,Camp 1,2.0,30.0,0.25,3.0,428.4,2882.1,76.57797202417244,15143,1169.0
Scenario 82,Camp 2,2.0,30.0,0.25,3.0,642.6,2860.68,114.77790459487646,15143,1341.0
Scenario 82,Camp 3,2.0,30.0,0.25,3.0,1071.0,2817.84,191.17771449795046,15143,1675.0
Scenario 82,Camp 4,2.0,30.0,0.25,3.0,4282.8,4500.96,763.9620485454174,15143,4695.0
Scenario 82,Camp 5,2.0,30.0,0.25,3.0,2483.6,742.52,443.0972589293506,15143,2133.0
Scenario 82,Camp 6,2.0,30.0,0.25,3.0,1698.4,2074.0,303.0666648842645,15143,1949.0
Scenario 82,Camp 7,2.0,30.0,0.25,3.0,2174.4,1628.42,387.9553091957617,15143,2181.0
Scenario 83,Camp 1,2.0,40.0,0.25,3.0,428.4,2882.1,138.34320131892392,15143,1039.0
Scenario 83,Camp 2,2.0,40.0,0.25,3.0,642.6,2860.68,207.3539210116584,15143,1227.0
Scenario 83,Camp 3,2.0,40.0,0.25,3.0,1071.0,2817.84,345.37526060540176,15143,1597.0
Scenario 83,Camp 4,2.0,40.0,0.25,3.0,4282.8,4500.96,1380.1482683372008,15143,4771.0
Scenario 83,Camp 5,2.0,40.0,0.25,3.0,2483.6,742.52,800.4846782384998,15143,2287.0
Scenario 83,Camp 6,2.0,40.0,0.25,3.0,1698.4,2074.0,547.5100936324613,15143,1963.0
Scenario 83,Camp 7,2.0,40.0,0.25,3.0,2174.4,1628.42,700.8670773610062,15143,2259.0
Scenario 84,Camp 1,2.0,50.0,0.25,3.0,428.4,2882.1,186.25203517535905,15143,935.0
Scenario 84,Camp 2,2.0,50.0,0.25,3.0,642.6,2860.68,279.1614580392769,15143,1137.0
Scenario 84,Camp 3,2.0,50.0,0.25,3.0,1071.0,2817.84,464.9801694170918,15143,1535.0
Scenario 84,Camp 4,2.0,50.0,0.25,3.0,4282.8,4500.96,1858.0994322153847,15143,4833.0
Scenario 84,Camp 5,2.0,50.0,0.25,3.0,2483.6,742.52,1077.6958970676849,15143,2409.0
Scenario 84,Camp 6,2.0,50.0,0.25,3.0,1698.4,2074.0,737.1151472996036,15143,1975.0
Scenario 84,Camp 7,2.0,50.0,0.25,3.0,2174.4,1628.42,943.5803010294875,15143,2319.0
Scenario 85,Camp 1,1.0,20.0,0.5,3.0,428.4,2882.1,813.6743929155606,30287,1695.0
Scenario 85,Camp 2,1.0,20.0,0.5,3.0,642.6,2860.68,1220.0376164499858,30287,2111.0
Scenario 85,Camp 3,1.0,20.0,0.5,3.0,1071.0,2817.84,2032.7639162612368,30287,2943.0
Scenario 85,Camp 4,1.0,20.0,0.5,3.0,4282.8,4500.96,8125.933994354048,30287,9749.0
Scenario 85,Camp 5,1.0,20.0,0.5,3.0,2483.6,742.52,4712.635690812483,30287,5085.0
Scenario 85,Camp 6,1.0,20.0,0.5,3.0,1698.4,2074.0,3223.0170492662833,30287,3953.0
Scenario 85,Camp 7,1.0,20.0,0.5,3.0,2174.4,1628.42,4126.046182437926,30287,4751.0
Scenario 86,Camp 1,1.0,30.0,0.5,3.0,428.4,2882.1,987.5782990030812,30287,1459.0
Scenario 86,Camp 2,1.0,30.0,0.5,3.0,642.6,2860.68,1480.792174933896,30287,1935.0
Scenario 86,Camp 3,1.0,30.0,0.5,3.0,1071.0,2817.84,2467.2197480650525,30287,2888.0
Scenario 86,Camp 4,1.0,30.0,0.5,3.0,4282.8,4500.96,9862.6626840256,30287,9506.0
Scenario 86,Camp 5,1.0,30.0,0.5,3.0,2483.6,742.52,5719.851552261867,30287,5514.0
Scenario 86,Camp 6,1.0,30.0,0.5,3.0,1698.4,2074.0,3911.861701542623,30287,4157.0
Scenario 86,Camp 7,1.0,30.0,0.5,3.0,2174.4,1628.42,5007.892230526501,30287,4828.0
Scenario 87,Camp 1,1.0,40.0,0.5,3.0,428.4,2882.1,1110.9650839823003,30287,1016.0
Scenario 87,Camp 2,1.0,40.0,0.5,3.0,642.6,2860.68,1665.8004784495938,30287,1524.0
Scenario 87,Camp 3,1.0,40.0,0.5,3.0,1071.0,2817.84,2775.4710663233486,30287,2538.0
Scenario 87,Camp 4,1.0,40.0,0.5,3.0,4282.8,4500.96,11094.891299361583,30287,10148.0
Scenario 87,Camp 5,1.0,40.0,0.5,3.0,2483.6,742.52,6434.482578788489,30287,5885.0
Scenario 87,Camp 6,1.0,40.0,0.5,3.0,1698.4,2074.0,4400.604760319753,30287,4024.0
Scenario 87,Camp 7,1.0,40.0,0.5,3.0,2174.4,1628.42,5633.571958879004,30287,5152.0
Scenario 88,Camp 1,1.0,50.0,0.5,3.0,428.4,2882.1,1206.671309785163,30287,1016.0
Scenario 88,Camp 2,1.0,50.0,0.5,3.0,642.6,2860.68,1809.3040673846658,30287,1524.0
Scenario 88,Camp 3,1.0,50.0,0.5,3.0,1071.0,2817.84,3014.5693642020665,30287,2539.0
Scenario 88,Camp 4,1.0,50.0,0.5,3.0,4282.8,4500.96,12050.682068364576,30287,10148.0
Scenario 88,Camp 5,1.0,50.0,0.5,3.0,2483.6,742.52,6988.793467122338,30287,5884.0
Scenario 88,Camp 6,1.0,50.0,0.5,3.0,1698.4,2074.0,4779.703328701967,30287,4024.0
Scenario 88,Camp 7,1.0,50.0,0.5,3.0,2174.4,1628.42,6118.886860082272,30287,5152.0
Scenario 89,Camp 1,1.33,20.0,0.5,3.0,428.4,2882.1,448.5185068468183,22772,1398.0
Scenario 89,Camp 2,1.33,20.0,0.5,3.0,642.6,2860.68,672.4304838294485,22772,1692.0
Scenario 89,Camp 3,1.33,20.0,0.5,3.0,1071.0,2817.84,1120.2542943785552,22772,2282.0
Scenario 89,Camp 4,1.33,20.0,0.5,3.0,4282.8,4500.96,4477.677854952185,22772,7254.0
Scenario 89,Camp 5,1.33,20.0,0.5,3.0,2483.6,742.52,2596.9018539914387,22772,3688.0
Scenario 89,Camp 6,1.33,20.0,0.5,3.0,1698.4,2074.0,1776.1007495726913,22772,2956.0
Scenario 89,Camp 7,1.33,20.0,0.5,3.0,2174.4,1628.42,2273.6826747420637,22772,3502.0
Scenario 9,Camp 1,2.0,20.0,0.25,1.0,428.4,2882.1,225.39640265290552,15143,957.0
Scenario 9,Camp 2,2.0,20.0,0.25,1.0,642.6,2860.68,337.83248780154844,15143,1151.0
Scenario 9,Camp 3,2.0,20.0,0.25,1.0,1071.0,2817.84,562.7044955126302,15143,1539.0
Scenario 9,Camp 4,2.0,20.0,0.25,1.0,4282.8,4500.96,2248.613967618873,15143,4813.0
Scenario 9,Camp 5,2.0,20.0,0.25,1.0,2483.6,742.52,1304.1939548426942,15143,2405.0
Scenario 9,Camp 6,2.0,20.0,0.25,1.0,1698.4,2074.0,892.0337562264542,15143,1967.0
Scenario 9,Camp 7,2.0,20.0,0.25,1.0,2174.4,1628.42,1141.8914443858355,15143,2311.0
Scenario 90,Camp 1,1.33,30.0,0.5,3.0,428.4,2882.1,579.3235800121718,22772,1114.0
Scenario 90,Camp 2,1.33,30.0,0.5,3.0,642.6,2860.68,868.5368145453957,22772,1448.0
Scenario 90,Camp 3,1.33,30.0,0.5,3.0,1071.0,2817.84,1446.9630983700795,22772,2114.0
Scenario 90,Camp 4,1.33,30.0,0.5,3.0,4282.8,4500.96,5783.539197320243,22772,7422.0
Scenario 90,Camp 5,1.33,30.0,0.5,3.0,2483.6,742.52,3354.2573071759048,22772,4018.0
Scenario 90,Camp 6,1.33,30.0,0.5,3.0,1698.4,2074.0,2294.0793501218095,22772,2988.0
Scenario 90,Camp 7,1.33,30.0,0.5,3.0,2174.4,1628.42,2936.7751092444505,22772,3668.0
Scenario 91,Camp 1,1.33,40.0,0.5,3.0,428.4,2882.1,672.1312563890433,22772,910.0
Scenario 91,Camp 2,1.33,40.0,0.5,3.0,642.6,2860.68,1007.6764704938631,22772,1272.0
Scenario 91,Camp 3,1.33,40.0,0.5,3.0,1071.0,2817.84,1678.7666837859956,22772,1994.0
Scenario 91,Camp 4,1.33,40.0,0.5,3.0,4282.8,4500.96,6710.06256466975,22772,7544.0
Scenario 91,Camp 5,1.33,40.0,0.5,3.0,2483.6,742.52,3891.609552776882,22772,4254.0
Scenario 91,Camp 6,1.33,40.0,0.5,3.0,1698.4,2074.0,2661.591015889834,22772,3010.0
Scenario 91,Camp 7,1.33,40.0,0.5,3.0,2174.4,1628.42,3407.24667873362,22772,3788.0
Scenario 92,Camp 1,1.33,50.0,0.5,3.0,428.4,2882.1,744.1184828416967,22772,750.0
Scenario 92,Camp 2,1.33,50.0,0.5,3.0,642.6,2860.68,1115.6015722993723,22772,1134.0
Scenario 92,Camp 3,1.33,50.0,0.5,3.0,1071.0,2817.84,1858.5675132789215,22772,1900.0
Scenario 92,Camp 4,1.33,50.0,0.5,3.0,4282.8,4500.96,7428.729921324803,22772,7638.0
Scenario 92,Camp 5,1.33,50.0,0.5,3.0,2483.6,742.52,4308.41233568288,22772,4440.0
Scenario 92,Camp 6,1.33,50.0,0.5,3.0,1698.4,2074.0,2946.655210366615,22772,3028.0
Scenario 92,Camp 7,1.33,50.0,0.5,3.0,2174.4,1628.42,3772.1727789715114,22772,3882.0
Scenario 93,Camp 1,2.0,20.0,0.5,3.0,428.4,2882.1,171.43929244593807,15143,967.0
Scenario 93,Camp 2,2.0,20.0,0.5,3.0,642.6,2860.68,256.95956986118233,15143,1165.0
Scenario 93,Camp 3,2.0,20.0,0.5,3.0,1071.0,2817.84,428.0000010265926,15143,1553.0
Scenario 93,Camp 4,2.0,20.0,0.5,3.0,4282.8,4500.96,1710.3236034617507,15143,4815.0
Scenario 93,Camp 5,2.0,20.0,0.5,3.0,2483.6,742.52,991.9860574474832,15143,2371.0
Scenario 93,Camp 6,2.0,20.0,0.5,3.0,1698.4,2074.0,678.4919111635357,15143,1971.0
Scenario 93,Camp 7,2.0,20.0,0.5,3.0,2174.4,1628.42,868.5367599989702,15143,2301.0
Scenario 94,Camp 1,2.0,30.0,0.5,3.0,428.4,2882.1,258.4924937799197,15143,777.0
Scenario 94,Camp 2,2.0,30.0,0.5,3.0,642.6,2860.68,387.43813665107245,15143,1001.0
Scenario 94,Camp 3,2.0,30.0,0.5,3.0,1071.0,2817.84,645.3292359338211,15143,1443.0
Scenario 94,Camp 4,2.0,30.0,0.5,3.0,4282.8,4500.96,2578.7893027434234,15143,4927.0
Scenario 94,Camp 5,2.0,30.0,0.5,3.0,2483.6,742.52,1495.695334051678,15143,2591.0
Scenario 94,Camp 6,2.0,30.0,0.5,3.0,1698.4,2074.0,1023.015573757529,15143,1991.0
Scenario 94,Camp 7,2.0,30.0,0.5,3.0,2174.4,1628.42,1309.5611270237996,15143,2413.0
Scenario 95,Camp 1,2.0,40.0,0.5,3.0,428.4,2882.1,320.2577230746711,15143,641.0
Scenario 95,Camp 2,2.0,40.0,0.5,3.0,642.6,2860.68,480.0141530678543,15143,883.0
Scenario 95,Camp 3,2.0,40.0,0.5,3.0,1071.0,2817.84,799.5267820412722,15143,1361.0
Scenario 95,Camp 4,2.0,40.0,0.5,3.0,4282.8,4500.96,3194.975522535206,15143,5007.0
Scenario 95,Camp 5,2.0,40.0,0.5,3.0,2483.6,742.52,1853.0827533608267,15143,2751.0
Scenario 95,Camp 6,2.0,40.0,0.5,3.0,1698.4,2074.0,1267.4590025057255,15143,2007.0
Scenario 95,Camp 7,2.0,40.0,0.5,3.0,2174.4,1628.42,1622.4728951890438,15143,2493.0
Scenario 96,Camp 1,2.0,50.0,0.5,3.0,428.4,2882.1,368.1665569311063,15143,535.0
Scenario 96,Camp 2,2.0,50.0,0.5,3.0,642.6,2860.68,551.8216900954728,15143,793.0
Scenario 96,Camp 3,2.0,50.0,0.5,3.0,1071.0,2817.84,919.1316908529624,15143,1299.0
Scenario 96,Camp 4,2.0,50.0,0.5,3.0,4282.8,4500.96,3672.9266864133906,15143,5069.0
Scenario 96,Camp 5,2.0,50.0,0.5,3.0,2483.6,742.52,2130.293972190012,15143,2873.0
Scenario 96,Camp 6,2.0,50.0,0.5,3.0,1698.4,2074.0,1457.0640561728678,15143,2019.0
Scenario 96,Camp 7,2.0,50.0,0.5,3.0,2174.4,1628.42,1865.1861188575253,15143,2555.0
Scenario 97,Camp 1,1.0,20.0,0.75,3.0,428.4,2882.1,1284.8689900698207,30287,1016.0
Scenario 97,Camp 2,1.0,20.0,0.75,3.0,642.6,2860.68,1926.555036933504,30287,1524.0
Scenario 97,Camp 3,1.0,20.0,0.75,3.0,1071.0,2817.84,3209.926898127164,30287,2538.0
Scenario 97,Camp 4,1.0,20.0,0.75,3.0,4282.8,4500.96,12831.619989033135,30287,10148.0
Scenario 97,Camp 5,1.0,20.0,0.75,3.0,2483.6,742.52,7441.698440237874,30287,5885.0
Scenario 97,Camp 6,1.0,20.0,0.75,3.0,1698.4,2074.0,5089.449412596093,30287,4024.0
Scenario 97,Camp 7,1.0,20.0,0.75,3.0,2174.4,1628.42,6515.4180069675795,30287,5152.0
Scenario 98,Camp 1,1.0,30.0,0.75,3.0,428.4,2882.1,1458.7728961573414,30287,1016.0
Scenario 98,Camp 2,1.0,30.0,0.75,3.0,642.6,2860.68,2187.3095954174146,30287,1524.0
Scenario 98,Camp 3,1.0,30.0,0.75,3.0,1071.0,2817.84,3644.38272993098,30287,2538.0
Scenario 98,Camp 4,1.0,30.0,0.75,3.0,4282.8,4500.96,14568.34867870469,30287,10148.0
Scenario 98,Camp 5,1.0,30.0,0.75,3.0,2483.6,742.52,8448.91430168726,30287,5884.0
Scenario 98,Camp 6,1.0,30.0,0.75,3.0,1698.4,2074.0,5778.294064872433,30287,4024.0
Scenario 98,Camp 7,1.0,30.0,0.75,3.0,2174.4,1628.42,7397.2640550561555,30287,5153.0
Scenario 99,Camp 1,1.0,40.0,0.75,3.0,428.4,2882.1,1582.1596811365603,30287,1016.0
Scenario 99,Camp 2,1.0,40.0,0.75,3.0,642.6,2860.68,2372.3178989331122,30287,1524.0
Scenario 99,Camp 3,1.0,40.0,0.75,3.0,1071.0,2817.84,3952.6340481892757,30287,2538.0
Scenario 99,Camp 4,1.0,40.0,0.75,3.0,4282.8,4500.96,15800.577294040671,30287,10148.0
Scenario 99,Camp 5,1.0,40.0,0.75,3.0,2483.6,742.52,9163.54532821388,30287,5885.0
Scenario 99,Camp 6,1.0,40.0,0.75,3.0,1698.4,2074.0,6267.037123649563,30287,4024.0
Scenario 99,Camp 7,1.0,40.0,0.75,3.0,2174.4,1628.42,8022.9437834086575,30287,5152.0
